{"chart":{"current":[1037.46,1647.43,1977.41,2541.36,3849.82,4191.78,4091.79,4354.66,4354.66,4714.639999999999,6223.5599999999995,6973.53,7486.5,8185.46,8185.46,8675.44,9653.400000000001,11003.320000000002,11603.550000000001,11864.53,12009.52,12634.17,12634.17,13534.14,14114.119999999999,14234.109999999999,15034.089999999998,15784.029999999999,16214.009999999998,16347.989999999998,16922.96,17528.92,17392.92,17912.16,18209.14,18488.12,18825.1,19167.059999999998,19977.03,20207.02,20327.010000000002,21101.97,21555.24,22080.300000000003,22200.290000000005,22321.290000000005,22450.270000000004,23115.240000000005,24175.200000000004,25696.130000000005,26510.100000000006,26680.090000000007,27522.050000000007,27583.060000000005,28068.030000000006,29137.960000000006,30097.920000000006,31397.870000000006,32067.840000000007,32677.790000000008,33562.75000000001,33842.73000000001,null,null,null,null,null,null,null,null,null,null,null,null,null,null,null,null,null,null,null,null,null,null,null,null,null,null,null,null,null,null,null,null,null,null,null,null,null,null,null,null,null,null,null,null,null,null,null,null,null,null,null,null,null,null,null,null,null,null,null,null,null,null,null,null,null,null,null,null,null,null,null,null,null,null,null,null,null,null,null,null,null,null,null,null,null,null,null,null,null,null,null,null,null,null,null,null,null,null,null,null,null,null,null,null,null,null,null,null,null,null,null,null,null,null,null,null,null,null,null,null,null,null,null,null,null,null,null,null,null,null,null,null,null,null,null,null,null,null,null,null,null,null,null,null,null,null,null,null,null,null,null,null,null,null,null,null,null,null,null,null,null,null,null,null,null,null,null,null,null,null,null,null,null,null,null,null,null,null,null,null,null,null,null,null,null,null,null,null,null,null,null,null,null,null,null,null,null,null,null,null,null,null,null,null,null,null,null,null,null,null,null,null,null,null,null,null,null,null,null,null,null,null,null,null,null,null,null,null,null,null,null,null,null,null,null,null,null,null,null,null,null,null,null,null,null,null,null,null,null,null,null,null,null,null,null,null,null,null,null,null,null,null,null,null,null,null,null,null,null,null,null,null,null,null,null,null,null,null,null,null,null,null,null,null,null,null,null,null,null,null,null,null,null,null,null,null,null,null,null,null,null,null,null],"historical":[284.53999999999996,992.63,1475.73,2229.33,2702.64,3175.89,3442.2599999999998,3861.66,4103.849999999999,4103.849999999999,4220.44,4328.219999999999,4552.03,4552.03,4741.55,5216.89,5504.22,5867.110000000001,6482.4800000000005,6999.17,6999.17,6999.17,7261.31,7458.030000000001,7930.7300000000005,8133.72,8252.1,8417.98,8771.33,9200.9,9299.73,9847.33,10577.24,10917.67,11276.94,11799.25,11859.12,11975.710000000001,12650.480000000001,13215.880000000001,13436.09,13725.130000000001,13930.410000000002,14254.720000000001,14254.720000000001,14681.300000000001,15470.150000000001,15763.170000000002,16014.010000000002,16014.010000000002,16073.060000000001,16249.86,17011.79,17275.38,17559.170000000002,17699.47,18403.39,18661.079999999998,18805.53,19100.699999999997,19333.869999999995,19394.689999999995,19677.489999999994,20083.449999999993,21065.979999999992,21689.16999999999,22120.73999999999,22374.299999999992,22818.679999999993,23211.769999999993,23537.27999999999,23537.27999999999,23537.27999999999,24018.179999999993,24018.179999999993,24351.249999999993,24678.969999999994,24949.579999999994,25298.989999999994,26026.069999999996,26177.779999999995,26177.779999999995,26394.199999999993,26394.199999999993,26394.199999999993,26983.11999999999,27482.02999999999,28256.909999999993,28470.34999999999,29995.44999999999,30152.57999999999,30216.319999999992,30317.459999999992,30636.00999999999,30884.96999999999,30884.96999999999,31750.73999999999,31750.73999999999,31750.73999999999,32306.39999999999,32306.39999999999,32306.39999999999,32653.41999999999,32653.41999999999,32653.41999999999,32923.42999999999,32989.17999999999,33207.17999999999,34536.99999999999,34913.409999999996,35140.939999999995,35459.99,36054.07,36161.95,36381.079999999994,36636.49999999999,36756.909999999996,36874.27,36935.09,37580.32,37960.54,37960.54,38175.89,38239.479999999996,38614.229999999996,38866.969999999994,39160.259999999995,39786.49,39786.49,39914.95,39995.39,39995.39,39995.39,40471.5,40859.39,41106.15,41447.200000000004,41928.65,41928.65,41928.65,42188.44,42328.020000000004,42498.880000000005,42724.43000000001,43309.75000000001,43570.880000000005,43570.880000000005,43570.880000000005,43570.880000000005,43635.73,44188.030000000006,44442.90000000001,45002.600000000006,45576.50000000001,45790.73000000001,45947.68000000001,46196.87000000001,46196.87000000001,46567.86000000001,46567.86000000001,46567.86000000001,46877.54000000001,47015.26000000001,47261.350000000006,47261.350000000006,47401.41,47522.700000000004,47522.700000000004,47522.700000000004,48129.920000000006,48252.380000000005,48728.94,49083.48,49438.26,49914.560000000005,49914.560000000005,50022.3,50086.490000000005,50365.450000000004,50365.450000000004,50617.64000000001,50617.64000000001,51254.11000000001,51254.11000000001,51695.98000000001,52315.92000000001,53018.540000000015,53105.63000000001,53170.78000000001,53170.78000000001,53625.470000000016,54611.110000000015,54721.330000000016,54976.19000000002,55181.87000000002,55944.53000000002,56210.77000000002,56210.77000000002,56662.70000000002,57114.17000000002,57827.09000000002,58262.06000000002,58864.56000000002,59210.70000000002,59210.70000000002,59395.71000000002,59748.80000000002,59996.98000000002,60336.13000000002,60336.13000000002,60547.62000000002,60664.210000000014,60807.85000000001,60872.860000000015,61362.26000000002,62065.650000000016,62580.900000000016,63091.460000000014,63091.460000000014,63605.76000000002,63896.860000000015,64080.500000000015,64462.09000000001,64462.09000000001,65015.80000000001,65015.80000000001,65517.210000000014,66151.44000000002,66151.44000000002,66575.19000000002,67516.08000000002,67516.08000000002,67740.38000000002,67740.38000000002,68148.23000000003,68426.48000000003,68911.76000000002,69364.65000000002,69531.36000000003,69609.37000000002,69966.55000000002,70548.71000000002,71982.57000000002,72573.54000000002,73223.14000000003,73579.26000000002,73695.30000000002,73695.30000000002,73905.86000000002,74014.47000000002,74014.47000000002,74238.54000000002,74536.02000000002,74969.41000000002,75208.34000000001,75671.92000000001,75866.49000000002,76343.47000000002,76831.68000000002,77060.35000000002,77119.06000000003,77245.65000000002,78027.69000000002,78762.00000000001,79816.53000000001,80692.89000000001,81562.79000000001,81991.93000000001,83607.68000000001,83982.17000000001,84316.37000000001,84890.11000000002,85259.33000000002,85727.21000000002,85975.88000000002,86813.39000000001,87153.13000000002,87639.51000000002,87639.51000000002,87880.58000000003,88304.96000000004,88370.50000000003,88564.68000000002,88650.27000000002,88768.23000000003,88768.23000000003,89064.13000000002,89499.10000000002,90669.13000000002,91463.07000000002,91617.13000000002,92201.79000000002,92201.79000000002,92524.17000000003,92706.34000000003,92778.33000000003,93342.12000000002,93511.50000000003,93763.27000000003,94428.91000000003,94428.91000000003,94949.38000000003,95195.47000000003,95567.82000000004,95811.61000000003,95811.61000000003,95986.56000000003,96130.49000000002,96354.04000000002,96564.58000000002,96672.01000000001,96847.18000000001,97221.67000000001,97572.12000000001,97945.84000000001,98141.80000000002,98336.20000000001,99000.78000000001,99981.23000000001,100303.40000000001,101173.3,102702.08,102991.98,103963.26999999999,104185.84999999999,104986.21999999999,105646.70999999999,106187.23999999999,106886.07999999999,107211.56999999999,107426.73999999999,107543.59999999999,108999.37999999999,109468.27999999998,109671.66999999998,109928.13999999998,110567.51999999999,110858.01999999999,111640.51,